﻿Symbol,PE,Mcap,ROE,GICS Sector,GICS Sub Industry
A,23.8,20323,0.05,Health Care Equipment,Health Care Equipment
AAL,8.4,20688,0.67,Industrials,Airlines
AAP,19.2,9622,0,Consumer Discretionary,Automotive Retail
AAPL,16.8,950145,0.4,Information Technology,"Technology Hardware, Storage & Peripherals"
ABBV,12.7,156942,1.21,Health Care,Pharmaceuticals
ABC,13.1,18631,0.32,Health Care,Health Care Distributors
ABMD,113.3,18067,0.19,Health Care,Health Care Equipment
ABT,22,110486,0.02,Health Care,Health Care Equipment
ACN,23.9,107579,0.41,Information Technology,IT Consulting & Other Services
ADBE,39.2,124506,0.23,Information Technology,Application Software
ADI,17.2,37357,0.1,Information Technology,Semiconductors
ADM,14.5,24733,0.09,Consumer Staples,Agricultural Products
ADP,31.1,59052,0.44,Information Technology,Internet Software & Services
ADS,9.6,11969,0.49,Information Technology,Data Processing & Outsourced Services
ADSK,150.9,29976,-4.76,Information Technology,Application Software
AEE,18.9,13988,0.08,Utilities,Multi-Utilities
AEP,16.8,32152,0.1,Utilities,Electric Utilities
AES,10.8,8552,-0.15,Utilities,Independent Power Producers & Energy Traders
AET,16,57439,0.23,Health Care,Managed Health Care
AFL,11.4,35201,0.21,Financials,Life & Health Insurance
AGN,9.5,51612,-0.03,Health Care,Pharmaceuticals
AIG,11,48322,-0.09,Financials,Property & Casualty Insurance
AIV,63.1,6503,0.27,Real Estate,Residential REITs
AIZ,12.8,4968,0.11,Financials,Multi-line Insurance
AJG,19.1,12105,0.17,Financials,Insurance Brokers
AKAM,24.1,13483,0.06,Information Technology,Internet Software & Services
ALB,18,10484,0.04,Materials,Specialty Chemicals
ALGN,72.8,27745,0.23,Health Care,Health Care Supplies
ALK,11.8,7548,0.28,Industrials,Airlines
ALL,10.3,32931,0.17,Financials,Property & Casualty Insurance
ALLE,17.8,7518,0.84,Industrials,Building Products
ALXN,17,26547,0.06,Health Care,Biotechnology
AMAT,11.4,53346,0.38,Information Technology,Semiconductor Equipment
AMD,32.7,14375,0.37,Information Technology,Semiconductors
AME,24.1,17503,0.19,Industrials,Electrical Components & Equipment
AMG,9.9,8869,0.2,Financials,Asset Management & Custody Banks
AMGN,13.3,120166,0.08,Health Care,Biotechnology
AMP,9.6,20197,0.27,Financials,Asset Management & Custody Banks
AMT,41.7,61362,0.19,Real Estate,Specialized REITs
AMZN,137,822464,0.15,Consumer Discretionary,Internet & Direct Marketing Retail
ANDV,16.1,22195,0.19,Energy,Oil & Gas Refining & Marketing
ANSS,34.6,14284,0.12,Information Technology,Application Software
ANTM,14.8,58150,0.16,Health Care,Managed Health Care
AON,17.4,34410,0.29,Financials,Insurance Brokers
AOS,24.2,10777,0.19,Industrials,Building Products
APA,21.2,14805,0.18,Energy,Oil & Gas Exploration & Production
APC,24.3,35660,0,Energy,Oil & Gas Exploration & Production
APD,22.4,36132,0.12,Materials,Industrial Gases
APH,25.5,27114,0.18,Information Technology,Electronic Components
APTV,18.6,26498,0.43,Consumer Discretionary,Auto Parts & Equipment
ARE,48.6,13043,0.05,Real Estate,Office REITs
ARNC,14.2,8556,-0.05,Industrials,Aerospace & Defense
ATVI,28,55393,0.04,Information Technology,Home Entertainment Software
AVB,38.3,23075,0.08,Real Estate,Residential REITs
AVGO,13.4,106537,0.37,Information Technology,Semiconductors
AVY,17.9,9434,0.28,Materials,Paper Packaging
AWK,24.5,14328,0.08,Utilities,Water Utilities
AXP,13.7,85434,0.16,Financials,Consumer Finance
AYI,13.9,4885,0.2,Industrials,Electrical Components & Equipment
AZO,13.2,17416,-0.85,Consumer Discretionary,Specialty Stores
BA,24.6,209904,63.96,Industrials,Aerospace & Defense
BAC,11.4,295562,0.08,Financials,Diversified Banks
BAX,25.7,39744,0.09,Health Care,Health Care Equipment
BBT,13.2,41576,0.1,Financials,Regional Banks
BBY,14.4,20232,0.23,Consumer Discretionary,Computer & Electronics Retail
BDX,20.7,60882,0,Health Care,Health Care Equipment
BEN,10.6,18243,0.06,Financials,Asset Management & Custody Banks
BF.B,30.6,33566,0.55,Consumer Staples,Distillers & Vintners
BHF,5.4,5602,0,Financials,Life & Health Insurance
BHGE,40.8,37393,0,Energy,Oil & Gas Equipment & Services
BIIB,12.5,62971,0.24,Health Care,Biotechnology
BK,13.1,56194,0.12,Financials,Asset Management & Custody Banks
BKNG,24.3,103230,0.22,Consumer Discretionary,Internet & Direct Marketing Retail
BLK,19.1,85590,0.17,Financials,Asset Management & Custody Banks
BLL,15.9,12801,0.12,Materials,Metal & Glass Containers
BMY,15.2,84865,0.07,Health Care,Health Care Distributors
BRK.B,21,470940,0.12,Financials,Multi-Sector Holdings
BSX,22.1,42374,0.02,Health Care,Health Care Equipment
BWA,11.4,10598,0.13,Consumer Discretionary,Auto Parts & Equipment
BXP,49.1,18849,0.1,Real Estate,Office REITs
C,10.3,170208,-0.03,Financials,Diversified Banks
CA,13,15052,0.08,Information Technology,Systems Software
CAG,16.2,14706,0.23,Consumer Staples,Packaged Foods & Meats
CAH,10.7,16407,0.24,Health Care,Health Care Distributors
CAT,14.3,91462,0.15,Industrials,Construction Machinery & Heavy Trucks
CB,12.5,60997,0.08,Financials,Property & Casualty Insurance
CBOE,21.4,11171,0.17,Financials,Financial Exchanges & Data
CBRE,15.2,16165,0.19,Real Estate,Real Estate Services
CBS,9.6,19037,0.45,Consumer Discretionary,Broadcasting
CCI,84.2,42835,0.04,Real Estate,Specialized REITs
CCL,13.7,43382,0.11,Consumer Discretionary,"Hotels, Resorts & Cruise Lines"
CDNS,27,12316,0.21,Information Technology,Application Software
CELG,9.2,56529,0.37,Health Care,Biotechnology
CERN,24.2,20038,0.19,Health Care,Health Care Technology
CF,41.3,9647,0.13,Materials,Fertilizers & Agricultural Chemicals
CFG,12.1,20116,0.09,Financials,Regional Banks
CHD,20.6,11440,0.38,Consumer Staples,Household Products
CHRW,20.1,12229,0.38,Industrials,Air Freight & Logistics
CHTR,67.6,63087,0.26,Consumer Discretionary,Cable & Satellite
CI,12.9,41570,0.18,Health Care,Managed Health Care
CINF,22.7,11500,0.11,Financials,Property & Casualty Insurance
CL,19.7,54346,-10.74,Consumer Staples,Household Products
CLX,19.8,15718,1.29,Consumer Staples,Household Products
CMA,14.1,16449,0.1,Financials,Diversified Banks
CMCSA,12.5,143295,0.38,Consumer Discretionary,Cable & Satellite
CME,25.2,58030,0.2,Financials,Financial Exchanges & Data
CMG,52.6,12600,0.14,Consumer Discretionary,Restaurants
CMI,10.5,23327,0.13,Industrials,Industrial Machinery
CMS,18.9,12482,0.11,Utilities,Multi-Utilities
CNC,16.8,24224,0.15,Health Care,Managed Health Care
CNP,16.1,11074,0.44,Utilities,Multi-Utilities
COF,9.4,45900,0.05,Financials,Consumer Finance
COG,20.5,10190,0.04,Energy,Oil & Gas Exploration & Production
COL,19.2,22629,0.17,Industrials,Aerospace & Defense
COO,19.1,11020,0.06,Health Care,Health Care Supplies
COP,17.2,79050,-0.02,Energy,Oil & Gas Exploration & Production
COST,28.8,86773,0.27,Consumer Staples,Hypermarkets & Super Centers
COTY,19.2,9900,-0.03,Consumer Staples,Personal Products
CPB,11.6,10023,0.64,Consumer Staples,Packaged Foods & Meats
CRM,58.1,99632,0.05,Information Technology,Internet Software & Services
CSCO,16.9,205469,-0.02,Information Technology,Communications Equipment
CSX,19.8,56635,0.46,Industrials,Railroads
CTAS,26.9,20255,0.3,Industrials,Diversified Support Services
CTL,17,18804,0.08,Telecommunication Services,Integrated Telecommunication Services
CTSH,17.2,45132,0.14,Information Technology,IT Consulting & Other Services
CTXS,20.6,14740,0.07,Information Technology,Internet Software & Services
CVS,9.1,64384,0.19,Consumer Staples,Drug Retail
CVX,15.7,234542,0.07,Energy,Integrated Oil & Gas
CXO,29.2,18840,0.13,Energy,Oil & Gas Exploration & Production
D,15.4,40791,0.18,Utilities,Electric Utilities
DAL,8.9,38383,0.26,Industrials,Airlines
DE,16.2,50108,0.2,Industrials,Agricultural & Farm Machinery
DFS,9.6,25992,0.21,Financials,Consumer Finance
DG,15.5,25199,0.28,Consumer Discretionary,General Merchandise Stores
DGX,16.2,14493,0.16,Health Care,Health Care Services
DHI,10.8,15851,0.15,Consumer Discretionary,Homebuilding
DHR,22.9,71310,0.1,Health Care,Health Care Equipment
DIS,14.1,148680,0.27,Consumer Discretionary,Cable & Satellite
DISCA,8.2,11357,-0.1,Consumer Discretionary,Cable & Satellite
DISCK,7.8,10782,-0.1,Consumer Discretionary,Cable & Satellite
DISH,11.2,13750,0.35,Consumer Discretionary,Cable & Satellite
DLR,70.3,22307,0.04,Real Estate,Specialized REITs
DLTR,15,19721,0.26,Consumer Discretionary,General Merchandise Stores
DOV,16.3,12113,0.18,Industrials,Industrial Machinery
DPS,23.5,21654,0.46,Consumer Staples,Soft Drinks
DRE,69.3,10211,0.37,Real Estate,Industrial REITs
DRI,16.5,11049,0.27,Consumer Discretionary,Restaurants
DTE,17.1,18018,0.12,Utilities,Multi-Utilities
DUK,15.8,52393,0.07,Utilities,Electric Utilities
DVA,16.3,11763,0.08,Health Care,Health Care Facilities
DVN,25.3,20585,0.02,Energy,Oil & Gas Exploration & Production
DWDP,16.3,157233,0.02,Materials,Diversified Chemicals
DXC,10.4,23911,0.17,Information Technology,IT Consulting & Other Services
EA,27.3,42015,0.24,Information Technology,Home Entertainment Software
EBAY,17.5,39769,-0.16,Information Technology,Internet Software & Services
ECL,26.9,41732,0.21,Materials,Specialty Chemicals
ED,17.4,22997,0.1,Utilities,Electric Utilities
EFX,19.8,14141,0.17,Industrials,Research & Consulting Services
EIX,14.9,19744,0.04,Utilities,Electric Utilities
EL,33.3,54586,0.26,Consumer Staples,Personal Products
EMN,12.4,15171,0.27,Materials,Diversified Chemicals
EMR,22.6,45789,0.22,Industrials,Electrical Components & Equipment
EOG,23.3,67495,0.21,Energy,Oil & Gas Exploration & Production
EQIX,91.5,31463,0.04,Real Estate,Specialized REITs
EQR,46.6,23573,0.07,Real Estate,Residential REITs
EQT,22.2,13476,-0.03,Energy,Oil & Gas Exploration & Production
ES,16.9,17429,0.09,Utilities,Multi-Utilities
ESRX,8.3,42050,0.27,Health Care,Health Care Distributors
ESS,50.7,15915,0.05,Real Estate,Residential REITs
ETFC,18.1,17070,0.12,Financials,Investment Banking & Brokerage
ETN,15.2,34752,0.19,Industrials,Electrical Components & Equipment
ETR,12.6,14054,0.06,Utilities,Electric Utilities
EVHC,11.9,5230,0.02,Health Care,Health Care Services
EW,30.6,29903,0.19,Health Care,Health Care Equipment
EXC,13.1,39035,0.1,Utilities,Multi-Utilities
EXPD,23.9,13241,0.27,Industrials,Air Freight & Logistics
EXPE,23.3,18040,0.08,Consumer Discretionary,Internet & Direct Marketing Retail
EXR,33.4,12321,0.21,Real Estate,Specialized REITs
F,7.6,47102,0.23,Consumer Discretionary,Automobile Manufacturers
FAST,21.7,15616,0.3,Industrials,Building Products
FB,25.8,558489,0.25,Information Technology,Internet Software & Services
FBHS,15.9,8452,0.19,Industrials,Building Products
FCX,9,25644,0.31,Materials,Copper
FDX,14.4,67333,0.27,Industrials,Air Freight & Logistics
FE,14.3,16186,-0.09,Utilities,Electric Utilities
FFIV,18.7,10878,0.36,Information Technology,Communications Equipment
FIS,20,34687,0.13,Information Technology,Internet Software & Services
FISV,23.9,30573,0.55,Information Technology,Internet Software & Services
FITB,12.3,21244,0.17,Financials,Regional Banks
FL,12.6,6740,0.1,Consumer Discretionary,Apparel Retail
FLIR,25.6,7577,0.06,Information Technology,Electronic Equipment & Instruments
FLR,21.8,6904,0.04,Industrials,Construction & Engineering
FLS,25.1,5377,0,Industrials,Industrial Machinery
FMC,14.4,11875,0.4,Materials,Fertilizers & Agricultural Chemicals
FOX,19.5,71953,0.24,Consumer Discretionary,Publishing
FOXA,19.6,72416,0.24,Consumer Discretionary,Publishing
FRT,37.7,8751,0.14,Real Estate,Retail REITs
FTI,0,14438,0.02,Energy,Oil & Gas Equipment & Services
FTV,21.3,25905,0.32,Industrials,Industrial Machinery
GD,18,59701,0.26,Industrials,Aerospace & Defense
GE,14.7,119858,-0.11,Industrials,Industrial Conglomerates
GGP,42.2,19542,0.07,Real Estate,Retail REITs
GILD,11.4,91070,0.16,Health Care,Biotechnology
GIS,13.6,24226,0.51,Consumer Staples,Packaged Foods & Meats
GLW,16.7,23715,-0.08,Information Technology,Electronic Components
GM,6.8,61198,-0.13,Consumer Discretionary,Automobile Manufacturers
GOOG,26.2,791265,0.11,Information Technology,Internet Software & Services
GOOGL,26.5,799051,0.11,Information Technology,Internet Software & Services
GPC,16.5,13689,0.19,Consumer Discretionary,Specialty Stores
GPN,22.5,18356,0.15,Information Technology,Data Processing & Outsourced Services
GPS,12.1,12081,0.29,Consumer Discretionary,Apparel Retail
GRMN,19.6,11626,0.16,Consumer Discretionary,Consumer Electronics
GS,10,86218,0.07,Financials,Investment Banking & Brokerage
GT,6.9,5895,0.05,Consumer Discretionary,Tires & Rubber
GWW,21.1,17619,0.37,Industrials,Industrial Machinery
HAL,19.4,41942,-0.04,Energy,Oil & Gas Equipment & Services
HAS,18.2,10881,0.12,Consumer Discretionary,Leisure Products
HBAN,12.6,16824,0.13,Financials,Regional Banks
HBI,10.7,6797,0.08,Consumer Discretionary,"Apparel, Accessories & Luxury Goods"
HCA,11.8,36413,-0.4,Health Care,Health Care Facilities
HCP,43.8,11375,0,Real Estate,Health Care REITs
HD,20.3,221307,3.42,Consumer Discretionary,Home Improvement Retail
HES,0,18328,-0.31,Energy,Integrated Oil & Gas
HIG,11.4,18788,-0.19,Financials,Property & Casualty Insurance
HII,13.9,9910,0.3,Industrials,Aerospace & Defense
HLT,30.5,24959,0.8,Consumer Discretionary,"Hotels, Resorts & Cruise Lines"
HOG,11.1,6902,0.26,Consumer Discretionary,Motorcycle Manufacturers
HOLX,17,10374,-0.05,Health Care,Health Care Equipment
HON,18.7,111957,0.09,Industrials,Industrial Conglomerates
HP,203.4,6929,0.1,Energy,Oil & Gas Drilling
HPE,0,24524,0.11,Information Technology,"Technology Hardware, Storage & Peripherals"
HPQ,11.7,38349,-1.33,Information Technology,"Technology Hardware, Storage & Peripherals"
HRB,12,5927,-0.58,Financials,Consumer Finance
HRL,19.6,19169,0.19,Consumer Staples,Packaged Foods & Meats
HRS,23.6,18162,0.21,Information Technology,Communications Equipment
HSIC,17.1,10833,0.14,Health Care,Health Care Distributors
HST,24.7,16287,0.09,Real Estate,Hotel & Resort REITs
HSY,17,18937,1.15,Consumer Staples,Packaged Foods & Meats
HUM,21.1,40487,0.17,Health Care,Managed Health Care
IBM,10.4,132178,0.31,Information Technology,IT Consulting & Other Services
ICE,21,42735,0.15,Financials,Financial Exchanges & Data
IDXX,52.4,18888,-4.54,Health Care,Health Care Equipment
IFF,19.8,9819,0.18,Materials,Specialty Chemicals
ILMN,57.4,41038,0.2,Health Care,Life Sciences Tools & Services
INCY,56.6,14497,-0.12,Health Care,Biotechnology
INFO,22.2,20223,0.08,Industrials,Research & Consulting Services
INTC,14.8,265620,0.16,Information Technology,Semiconductors
INTU,37.7,53486,0.76,Information Technology,Internet Software & Services
IP,11.1,23674,0.48,Materials,Paper Packaging
IPG,13.2,8801,0.26,Consumer Discretionary,Advertising
IPGP,30.1,13757,0.2,Information Technology,Electronic Manufacturing Services
IQV,18.9,21155,0.17,Health Care,Life Sciences Tools & Service
IR,16.6,21923,0.19,Industrials,Industrial Machinery
IRM,32.7,9850,0.08,Real Estate,Specialized REITs
ISRG,48.4,55854,0.16,Health Care,Health Care Equipment
IT,36,12328,-0.07,Information Technology,IT Consulting & Other Services
ITW,18.8,49354,0.39,Industrials,Industrial Machinery
IVZ,9.8,11284,0.14,Financials,Asset Management & Custody Banks
JBHT,24,13922,0.44,Industrials,Trucking
JCI,12.3,31959,0.1,Industrials,Building Products
JEC,15.7,9416,0.05,Industrials,Construction & Engineering
JEF,0,7563,0,Financials,Multi-Sector Holdings
JNJ,15,325828,0.02,Health Care,Health Care Equipment
JNPR,14.9,9532,0.05,Information Technology,Communications Equipment
JPM,12,367341,0.12,Financials,Diversified Banks
JWN,15,8680,0.53,Consumer Discretionary,Department Stores
K,14.2,21938,0.69,Consumer Staples,Packaged Foods & Meats
KEY,11.7,21143,0.1,Financials,Regional Banks
KHC,15.3,70541,0.18,Consumer Staples,Packaged Foods & Meats
KIM,25,6790,0.09,Real Estate,Retail REITs
KLAC,14.9,18419,0.54,Information Technology,Semiconductor Equipment
KMB,14.5,35212,6.26,Consumer Staples,Household Products
KMI,19.6,37283,0.01,Energy,Oil & Gas Storage & Transportation
KMX,16.2,12752,0.21,Consumer Discretionary,Specialty Stores
KO,20.7,183742,0.07,Consumer Staples,Soft Drinks
KORS,13.3,9517,0.33,Consumer Discretionary,"Apparel, Accessories & Luxury Goods"
KR,12,21267,0.3,Consumer Staples,Food Retail
KSS,14,12601,0.17,Consumer Discretionary,General Merchandise Stores
KSU,17.2,10848,0.22,Industrials,Railroads
L,14.4,15835,0.06,Financials,Multi-line Insurance
LB,13.2,10394,-1.13,Consumer Discretionary,Apparel Retail
LEG,15.9,5560,0.25,Consumer Discretionary,Home Furnishings
LEN,10.4,17083,0.11,Consumer Discretionary,Homebuilding
LH,15.8,18653,0.2,Health Care,Health Care Services
LKQ,14.3,10066,0.14,Consumer Discretionary,Distributors
LLL,20.7,15733,0.14,Industrials,Aerospace & Defense
LLY,16.5,92077,0.08,Health Care,Pharmaceuticals
LMT,19.8,91367,3.01,Industrials,Aerospace & Defense
LNC,8,14756,0.12,Financials,Multi-line Insurance
LNT,18.7,9206,0.12,Utilities,Electric Utilities
LOW,17.9,80496,0.67,Consumer Discretionary,Home Improvement Retail
LRCX,11.5,33109,0.28,Information Technology,Semiconductor Equipment
LUV,11.6,29500,0.39,Industrials,Airlines
LYB,10.4,45441,0.68,Materials,Specialty Chemicals
M,10.4,12261,0.33,Consumer Discretionary,Department Stores
MA,31.6,208763,0.74,Information Technology,Internet Software & Services
MAA,46.5,10845,0.05,Real Estate,Residential REITs
MAC,79.8,7975,0.01,Real Estate,Retail REITs
MAR,24.9,48851,0.32,Consumer Discretionary,"Hotels, Resorts & Cruise Lines"
MAS,15.3,11994,-3.93,Industrials,Building Products
MAT,0,5353,-0.79,Consumer Discretionary,Leisure Products
MCD,20.8,125244,-1.73,Consumer Discretionary,Restaurants
MCHP,15.5,24018,0.08,Information Technology,Semiconductors
MCK,10.8,29025,0.01,Health Care,Health Care Distributors
MCO,22.7,33813,-2.44,Financials,Financial Exchanges & Data
MDLZ,16,57911,0.12,Consumer Staples,Packaged Foods & Meats
MDT,16.9,117397,0.06,Health Care,Health Care Equipment
MET,9.2,47157,0.07,Financials,Life & Health Insurance
MGM,22.1,17177,0.29,Consumer Discretionary,Casinos & Gaming
MHK,13.4,15353,0.15,Consumer Discretionary,Home Furnishings
MKC,20.7,13237,0.35,Consumer Staples,Packaged Foods & Meats
MLM,24.5,14264,0.16,Materials,Construction Materials
MMC,18.7,41144,0.22,Financials,Insurance Brokers
MMM,19.3,119035,0.36,Industrials,Industrial Conglomerates
MNST,30,28899,0.23,Consumer Staples,Soft Drinks
MO,14.1,106651,0.79,Consumer Staples,Tobacco
MON,22.7,56453,0.38,,
MOS,19.4,10738,-0.01,Materials,Fertilizers & Agricultural Chemicals
MPC,17.3,37093,0.26,Energy,Oil & Gas Refining & Marketing
MRK,14.5,165212,0.04,Health Care,Pharmaceuticals
MRO,27.4,17563,-0.03,Energy,Oil & Gas Exploration & Production
MS,10.7,90071,0.1,Financials,Investment Banking & Brokerage
MSCI,30.9,14573,0.98,Financials,Financial Exchanges & Data
MSFT,26.7,785761,0.15,Information Technology,Systems Software
MSI,16.5,18219,0.09,Information Technology,Communications Equipment
MTB,14,25329,0.09,Financials,Regional Banks
MTD,28.3,14570,0.75,Health Care,Life Sciences Tools & Services
MU,5.1,68774,0.51,Information Technology,Semiconductors
MYL,7.5,20592,0.06,Health Care,Pharmaceuticals
NAVI,7.8,3914,0.09,,
NBL,32.5,16694,-0.06,Energy,Oil & Gas Exploration & Production
NCLH,10.9,11412,0.15,Consumer Discretionary,"Hotels, Resorts & Cruise Lines"
NDAQ,19.2,15573,0.13,Financials,Financial Exchanges & Data
NEE,20.6,75114,0.3,Utilities,Multi-Utilities
NEM,26.8,20529,0,Materials,Gold
NFLX,127.1,159006,0.2,Information Technology,Internet Software & Services
NFX,8.5,5625,0.28,Energy,Oil & Gas Exploration & Production
NI,18.9,8190,0.04,Utilities,Multi-Utilities
NKE,27.4,119367,0.15,Consumer Discretionary,"Apparel, Accessories & Luxury Goods"
NKTR,15.1,9575,-2.31,Health Care,Pharmaceuticals
NLSN,11.5,10690,0.1,Industrials,Research & Consulting Services
NOC,21.3,57446,0.32,Industrials,Aerospace & Defense
NOV,448.9,16068,-0.01,Energy,Oil & Gas Equipment & Services
NRG,10,10596,-2.55,Utilities,Independent Power Producers & Energy Traders
NSC,17.4,42641,0.39,Industrials,Railroads
NTAP,17.9,19521,0,Information Technology,Internet Software & Services
NTRS,16.3,23642,0.14,Financials,Asset Management & Custody Banks
NUE,10.7,21087,0.15,Materials,Steel
NVDA,34.2,160946,0.56,Information Technology,Semiconductors
NWL,8.9,11453,0.17,Consumer Discretionary,Housewares & Specialties
NWS,37.3,9326,-0.15,Consumer Discretionary,Publishing
NWSA,36.4,9105,-0.15,Consumer Discretionary,Publishing
O,41.4,15075,0.04,Real Estate,Retail REITs
OKE,25.9,28192,0.12,Energy,Oil & Gas Storage & Transportation
OMC,13,16581,0.46,Consumer Discretionary,Advertising
ORCL,14.1,192848,0.07,Information Technology,Application Software
ORLY,17.8,22594,1.47,Consumer Discretionary,Specialty Stores
OXY,18.9,65489,0.09,Energy,Oil & Gas Exploration & Production
PAYX,24.2,24104,0.46,Information Technology,Internet Software & Services
PBCT,14.8,6564,0.07,Financials,Thrifts & Mortgage Finance
PCAR,11.3,22650,0.24,Industrials,Construction Machinery & Heavy Trucks
PCG,11,21685,0.08,Utilities,Multi-Utilities
PEG,16.7,26261,0.15,Utilities,Electric Utilities
PEP,17.6,142083,0.41,Consumer Staples,Soft Drinks
PFE,12.4,213158,0.34,Health Care,Pharmaceuticals
PFG,9.9,16029,0.2,Financials,Life & Health Insurance
PG,17.7,186030,0.19,Consumer Staples,Personal Products
PGR,15.6,36697,0.21,Financials,Property & Casualty Insurance
PH,17.2,23005,0.19,Industrials,Industrial Machinery
PHM,9.3,8771,0.12,Consumer Discretionary,Homebuilding
PKG,15.3,11427,0.34,Materials,Paper Packaging
PKI,21.2,8478,0.11,Health Care,Health Care Equipment
PLD,34.6,35237,0.12,Real Estate,Industrial REITs
PM,14.9,120752,-0.5,Consumer Staples,Tobacco
PNC,13.7,68256,0.12,Financials,Regional Banks
PNR,19.4,7820,0.14,Industrials,Industrial Machinery
PNW,16.9,8471,0.09,Utilities,Multi-Utilities
PPG,16.1,25551,0.29,Materials,Specialty Chemicals
PPL,11.6,18790,0.11,Utilities,Electric Utilities
PRGO,14,10248,0.02,Health Care,Pharmaceuticals
PRU,8.1,41412,0.16,Financials,Life & Health Insurance
PSA,28.4,37114,0.29,Real Estate,Specialized REITs
PSX,15.7,55355,0.22,Energy,Oil & Gas Refining & Marketing
PVH,17.5,12406,0.12,Consumer Discretionary,"Apparel, Accessories & Luxury Goods"
PWR,13.4,5522,0.08,Industrials,Construction & Engineering
PX,23.5,45850,0.22,Materials,Industrial Gases
PXD,27.6,32579,0.1,Energy,Oil & Gas Exploration & Production
PYPL,36.4,101023,0.13,Information Technology,Data Processing & Outsourced Services
QCOM,18.2,88676,-0.16,Information Technology,Semiconductors
QRVO,14,10336,-0.01,Information Technology,Semiconductors
RCL,11.5,21630,0.16,Consumer Discretionary,"Hotels, Resorts & Cruise Lines"
RE,10.4,9285,0.05,Financials,Reinsurance
REG,37.1,9968,0.04,Real Estate,Retail REITs
REGN,16.6,33622,0.24,Health Care,Biotechnology
RF,13.3,20913,0.09,Financials,Regional Banks
RHI,19.8,8160,0.28,Industrials,Human Resource & Employment Services
RHT,50.3,30618,0.19,Information Technology,Systems Software
RJF,14.5,14366,0.13,Financials,Investment Banking & Brokerage
RL,22.1,11384,0.05,Consumer Discretionary,"Apparel, Accessories & Luxury Goods"
RMD,30.4,15060,0.15,Health Care,Health Care Equipment
ROK,22.7,22392,0.19,Industrials,Electrical Components & Equipment
ROP,25.1,29097,0.16,Industrials,Industrial Conglomerates
ROST,20.6,31767,0.5,Consumer Discretionary,Apparel Retail
RRC,16.8,3945,0.04,Energy,Oil & Gas Exploration & Production
RSG,22.1,22273,0.17,Industrials,Environmental & Facilities Services
RTN,21.7,61259,0.21,Industrials,Aerospace & Defense
SBAC,168.1,18396,-0.04,Real Estate,Specialized REITs
SBUX,22.4,76976,0.8,Consumer Discretionary,Restaurants
SCG,11.7,5237,-0.02,Utilities,Multi-Utilities
SCHW,23.2,75979,0.17,Financials,Investment Banking & Brokerage
SEE,17.3,7076,2.16,Materials,Paper Packaging
SHW,20.9,36527,0.61,Materials,Specialty Chemicals
SIVB,19.8,16861,0.14,Financials,Regional Banks
SJM,11.6,12059,0.18,Consumer Staples,Packaged Foods & Meats
SLB,33.3,94799,-0.03,Energy,Oil & Gas Equipment & Services
SLG,51.7,8692,0.03,Real Estate,Office REITs
SNA,13.3,8671,0.2,Consumer Discretionary,Household Appliances
SNPS,23.7,13459,0.03,Information Technology,Application Software
SO,15.1,44289,0.05,Utilities,Electric Utilities
SPG,22.4,50478,0.57,Real Estate,Retail REITs
SPGI,23.9,51157,2.36,Financials,Financial Exchanges & Data
SRCL,13.6,5402,0,Industrials,Environmental & Facilities Services
SRE,19,27164,0.01,Utilities,Multi-Utilities
STI,13.1,32194,0.11,Financials,Regional Banks
STT,12.6,35752,0.12,Financials,Asset Management & Custody Banks
STX,11.1,16991,0.63,Information Technology,"Technology Hardware, Storage & Peripherals"
STZ,23.2,43092,0.3,Consumer Staples,Distillers & Vintners
SWK,16.8,21873,0.14,Consumer Discretionary,Household Appliances
SWKS,14,18124,0.22,Information Technology,Semiconductors
SYF,10.1,26409,0.14,Financials,Consumer Finance
SYK,24.5,66240,0.1,Health Care,Health Care Equipment
SYMC,13.7,13257,0.27,Information Technology,Application Software
SYY,21.9,34297,0.56,Consumer Staples,Food Distributors
T,9.7,200688,0.23,Telecommunication Services,Integrated Telecommunication Services
TAP,12.5,13182,0.12,Consumer Staples,Brewers
TDG,19.1,17632,-0.35,Industrials,Aerospace & Defense
TEL,17.1,33407,0.14,Information Technology,Electronic Manufacturing Services
TGT,14.9,41856,0.26,Consumer Discretionary,General Merchandise Stores
TIF,28.5,16626,0.13,Consumer Discretionary,"Apparel, Accessories & Luxury Goods"
TJX,19.2,58794,0.58,Consumer Discretionary,Apparel Retail
TMK,14,9634,0.28,Financials,Life & Health Insurance
TMO,19.7,86431,0.09,Health Care,Health Care Equipment
TPR,17.2,12888,0.11,Consumer Discretionary,"Apparel, Accessories & Luxury Goods"
TRIP,42.5,7902,-0.02,Consumer Discretionary,Internet & Direct Marketing Retail
TROW,17.2,29669,0.29,Financials,Asset Management & Custody Banks
TRV,12.3,34891,0.09,Financials,Property & Casualty Insurance
TSCO,18.5,9256,0.32,Consumer Discretionary,Specialty Stores
TSN,10.6,25406,0.26,Consumer Staples,Packaged Foods & Meats
TSS,20.1,15893,0.27,Information Technology,Internet Software & Services
TTWO,24.8,12943,0.13,Information Technology,Home Entertainment Software
TWX,11.6,73131,0.2,Consumer Discretionary,Cable & Satellite
TXN,21.1,115170,0.38,Information Technology,Semiconductors
TXT,21.7,17498,0.07,Industrials,Aerospace & Defense
UA,106.2,9440,-0.04,Consumer Discretionary,"Apparel, Accessories & Luxury Goods"
UAA,134.2,10489,-0.04,Consumer Discretionary,"Apparel, Accessories & Luxury Goods"
UAL,8.9,19217,0.25,Industrials,Airlines
UDR,85.9,9920,0.06,Real Estate,Residential REITs
UHS,12.3,10960,0.16,Health Care,Health Care Facilities
ULTA,23.2,15277,0.35,Consumer Discretionary,Specialty Stores
UNH,19.3,234806,0.25,Health Care,Managed Health Care
UNM,7.6,8529,0.11,Financials,Life & Health Insurance
UNP,18.7,110222,0.51,Industrials,Railroads
UPS,16.1,100680,4.53,Industrials,Air Freight & Logistics
URI,10.8,13706,0.59,Industrials,Trading Companies & Distributors
USB,12.6,84045,0.15,Financials,Diversified Banks
UTX,17.7,100775,0.15,Industrials,Aerospace & Defense
V,29.7,308177,0.34,Information Technology,Internet Software & Services
VAR,27.1,11106,0.1,Health Care,Health Care Equipment
VFC,23.5,32847,0.17,Consumer Discretionary,"Apparel, Accessories & Luxury Goods"
VIAB,6.7,10893,0.37,Consumer Discretionary,Cable & Satellite
VLO,17.8,53162,0.2,Energy,Oil & Gas Refining & Marketing
VMC,29.2,17028,0.13,Materials,Construction Materials
VNO,55.4,13569,0.04,Real Estate,Office REITs
VRSK,26.6,18026,0.34,Industrials,Research & Consulting Services
VRSN,29.7,13176,-0.39,Information Technology,Internet Software & Services
VRTX,45.4,37131,0.12,Health Care,Biotechnology
VTR,38.3,19423,0.12,Real Estate,Health Care REITs
VZ,10.6,198000,0.92,Telecommunication Services,Integrated Telecommunication Services
WAT,23.9,15370,0.01,Health Care,Health Care Distributors
WBA,10.6,62376,0.15,Consumer Staples,Drug Retail
WDC,5.9,25681,0.02,Information Technology,"Technology Hardware, Storage & Peripherals"
WEC,18.5,19191,0.13,Utilities,Electric Utilities
WELL,39.2,21370,0.05,Real Estate,Health Care REITs
WFC,12.1,266108,0.12,Financials,Diversified Banks
WHR,9.5,10402,0.06,Consumer Discretionary,Household Appliances
WLTW,15.8,20187,0.04,Financials,Insurance Brokers
WM,20.8,36021,0.36,Industrials,Environmental & Facilities Services
WMB,24.7,21932,0.22,Energy,Oil & Gas Storage & Transportation
WMT,17.5,249691,0.12,Consumer Staples,Hypermarkets & Super Centers
WRK,15,15581,0.18,Materials,Paper Packaging
WU,11.1,9505,-2.01,Information Technology,Internet Software & Services
WY,25.9,28926,0.08,Real Estate,Specialized REITs
WYNN,21,19187,0.89,Consumer Discretionary,Casinos & Gaming
XEC,11.6,8016,0.22,Energy,Oil & Gas Exploration & Production
XEL,17.9,22049,0.11,Utilities,Multi-Utilities
XL,16.2,14454,-0.05,Financials,Property & Casualty Insurance
XLNX,24.2,17992,0.21,Information Technology,Semiconductors
XOM,16.6,341670,0.11,Energy,Integrated Oil & Gas
XRAY,16.3,9618,-0.21,Health Care,Health Care Supplies
XRX,7.8,7051,0.04,Information Technology,"Technology Hardware, Storage & Peripherals"
XYL,24.8,12897,0.15,Industrials,Industrial Machinery
YUM,24.3,26876,-0.24,Consumer Discretionary,Restaurants
ZBH,14.7,22990,0.16,Health Care,Health Care Equipment
ZION,14.3,10995,0.1,Financials,Regional Banks
ZTS,27.7,41022,0.54,Health Care,Pharmaceuticals
